ts	phase	decision	why	evidence	result
2026-10-04T11:11:31Z	design	Keep normalized content and save immutable snapshots atomically	Preserve current search and IDs without a JSON projection rewrite	docs/MILESTONE_1_DESIGN.md	VERIFIED by independent cross-review; alternate snapshot pointer rejected
2026-10-04T11:11:31Z	baseline	Use additive migrations and preserve legacy publication	Existing URLs must remain available; new entries default to draft	.audit/milestone-1-baseline.json; prisma/migrations; scripts/verify-milestone-1.ts	VERIFIED 65 existing IDs and canonical slugs retained
2026-10-04T11:11:31Z	research	Review 20 Thai and 20 English entries with claim-specific evidence	Meet pilot threshold without treating old resource lists as entry evidence	prisma/reviewed-entries.json; .audit/thai-research.json; .audit/english-research.json	VERIFIED 40 bilingual records with IPA, examples, and usage references
2026-10-04T11:11:31Z	validation	Clear unestablished origins for pang and krian	Initial import rejected uncertain claims lacking origin evidence	src/lib/editorial-types.ts; prisma/reviewed-entries.json	Initial NOT VERIFIED; corrected to UNKNOWN and import passed
2026-10-04T11:11:31Z	publication	Centralize every public query and make sitemap dynamic	Prevent drafts and archives leaking through secondary queries	src/lib/dictionary.ts; src/app/sitemap.ts; tests/editorial.test.ts	VERIFIED by database and production HTTP fixture checks
2026-10-04T11:11:31Z	revisions	Save full snapshots inside optimistic revision transactions	Stale edits and failed child writes must not partially publish	src/lib/editorial.ts; tests/editorial.test.ts	VERIFIED rollback, revision conflict, snapshot immutability, and repeatable seed
2026-10-04T11:11:31Z	preservation-review	Retain former translated words as aliases	Independent review found overwritten display words could break old links	src/lib/editorial.ts; scripts/repair-legacy-lookups.ts	Fixed and verified with old Side relationship URL redirect; 23 local entries repaired
2026-10-04T11:11:31Z	review-fixes	Reconcile tags and update shared source catalog metadata	Removed tags must disappear; corrected citation metadata must persist	src/lib/editorial.ts; docs/MILESTONE_1_DESIGN.md	VERIFIED corrected-tag search and documented shared-catalog policy
2026-10-04T11:11:31Z	locale	Encode supported content languages in Prisma and database triggers	Comments cannot enforce valid translation or example locale	prisma/schema.prisma; prisma/migrations/20261004001000_content_locales/migration.sql	VERIFIED migration and client generation
2026-10-04T11:11:31Z	test-runtime	Collect LibSQL native handles before removing temporary databases	LibSQL transaction close leaves Windows file handles until collection	tests/editorial.test.ts; package.json; docs/MILESTONE_1_DESIGN.md	Initial teardown NOT VERIFIED; fixed with exposed GC and tests passed
2026-10-04T11:11:31Z	ui	Label review state and distinguish editorial examples	Legacy public entries must not look like reviewed content	src/components/SlangCard.tsx; src/app/[locale]/slang/[slug]/page.tsx	VERIFIED English and Thai browser layouts and rendered HTTP content
2026-10-04T11:11:31Z	repair-review	Limit legacy lookup repair to aliases and a snapshot	Second review found a full review write could undo later corrections or archives	src/lib/editorial.ts; scripts/repair-legacy-lookups.ts; tests/editorial.test.ts	Changed to alias-only transaction; regression test added; final run pending
2026-10-04T11:11:31Z	docs	Replace outdated Thai-only handbook and contribution-next status	Milestone 1 now precedes contributions and has a measured pilot	docs/IMPLEMENTATION_STATUS.md; docs/SLANGDEE_PROJECT.md; docs/BASE_DATA_SOURCES.md	Reconciled; final version-control and checks pending
2026-10-04T11:14:45Z	test-runtime-final	Move cleanup after the database test child exits	Native handle collection was intermittent; the process exit releases Windows locks	scripts/run-tests.mjs; tests/editorial.test.ts	VERIFIED two consecutive npm test runs pass all10 tests and cleanup
2026-10-04T11:14:45Z	repair-final	Verify alias-only repair cannot republish archives or undo corrections	Repair must preserve the current content and visibility	tests/editorial.test.ts; scripts/repair-legacy-lookups.ts	VERIFIED archive/correction regression and repeat local repair reports0 changes
2026-10-04T11:14:45Z	docs-tracking	Stage only docs and gitignore without committing or pushing	Milestone1 requires version-controlled documentation; repository has unrelated untracked source	git status --short docs .gitignore	VERIFIED docs staged after approved Git metadata write; no commit or push
2026-10-04T11:17:23Z	verification-final	Run final checks on the completed implementation	M1 needs observable publication privacy, reviewed content, and compatibility	tests/editorial.test.ts; scripts/verify-milestone-1.ts; docs/IMPLEMENTATION_STATUS.md	VERIFIED tests10, typecheck, lint, build, pilot20+20, preserved65, and production HTTP checks
2026-10-04T11:17:23Z	review-final	Independent targeted review of fixes and decision trail	A second reader must check accepted corrections and audit omissions	docs/MILESTONE_1_DECISIONS.tsv; src/lib/editorial.ts; scripts/run-tests.mjs	gpt-6-astra: no unresolved correctness or integrity findings; no unchecked material decisions
2026-10-04T11:17:23Z	git-scope	Unstage gitignore without changing the worktree	The file contains earlier user edits unrelated to M1 and must not be staged wholesale	git diff --cached --stat; git status --short	Only milestone documentation remains staged; source and user edits are not committed
2026-10-04T11:17:23Z	limits	Leave42 legacy entries awaiting individual source review and defer contributions	The milestone asks for a20+20 pilot, not proof for every legacy entry	docs/IMPLEMENTATION_STATUS.md; docs/BASE_DATA_SOURCES.md	Explicit remaining work; no admin, submission, authentication, or ingestion scope added
